<?xml version="1.0" encoding="UTF-8"?>
<project-private xmlns="http://www.netbeans.org/ns/project-private/1">
    <editor-bookmarks xmlns="http://www.netbeans.org/ns/editor-bookmarks/2" lastBookmarkId="0"/>
    <open-files xmlns="http://www.netbeans.org/ns/projectui-open-files/2">
        <group>
            <file>file:/C:/wamp64/www/dae/_include/paginas/equipamentos/equipamentos_cadastrar.php</file>
            <file>file:/C:/wamp64/www/dae/_include/classes/Equipamentos.class.php</file>
            <file>file:/C:/wamp64/www/dae/_include/paginas/equipamentos/web_equipamentos.php</file>
            <file>file:/C:/wamp64/www/dae/_include/paginas/equipamentos/controller/equipamentos_controller.php</file>
        </group>
    </open-files>
</project-private>
